País,Sede,Red Social,URL
AUSTRALIA,CSIDN,,  
AUSTRALIA,CSIDN,,https:
AUSTRALIA,CSIDN,Facebook,www.facebook.com/ArgentinaEnSidney/  
AUSTRALIA,EAUST,,  
AUSTRALIA,EAUST,,  https:
AUSTRALIA,EAUST,,https:
AUSTRALIA,EAUST,Facebook,www.facebook.com/ArgentinaEnAustralia/  
AUSTRALIA,EAUST,Twitter,twitter.com/ARGinAustralia  
BARBADOS,EBARB,,  
BARBADOS,EBARB,,https:
BARBADOS,EBARB,Facebook,www.facebook.com/ArgentinaEnBarbados/  
CANADÁ,CTORO,,  
CANADÁ,CTORO,,  https:
CANADÁ,CTORO,,https:
CANADÁ,CTORO,Facebook,www.facebook.com/ArgentinaEnToronto/  
CANADÁ,CTORO,Instagram,www.instagram.com/consuladoargtoronto/  
CANADÁ,ECANA,,  https:
CANADÁ,ECANA,,https:
CANADÁ,ECANA,Facebook,www.facebook.com/ArgentinaInCanada  
CANADÁ,ECANA,Twitter,twitter.com/ArginCanada  
CANADÁ,ECANA,Youtube,www.youtube.com/channel/UC77DGXZ2ppExRtV4WS4IV-A  
Confederación  Suiza,EOIRS,,  https:
Confederación  Suiza,EOIRS,,https:
Confederación  Suiza,EOIRS,Facebook,www.facebook.com/ArgentinaEnGinebra  
Confederación  Suiza,EOIRS,Instagram,  www.instagram.com/misionargentinaonu  
Confederación  Suiza,EOIRS,Twitter,twitter.com/ArgentinaONUOMC    
Confederación  Suiza,EOIRS,Youtube,www.youtube.com/channel/UCSOsChik8j7nFJZnPq6K7Ag  
EMIRATOS  ÁRABES  UNIDOS,EEARB,,  
EMIRATOS  ÁRABES  UNIDOS,EEARB,,https:
EMIRATOS  ÁRABES  UNIDOS,EEARB,Facebook,www.facebook.com/ArgentinaEnEmiratosArabesUnidos  
ESTADO  DE  ISRAEL,CGTEL,,  
ESTADO  DE  ISRAEL,CGTEL,,https:
ESTADO  DE  ISRAEL,CGTEL,Facebook,www.facebook.com/ArgentinaEnIsrael/  
ESTADO  DE  ISRAEL,EISRA,,  
ESTADO  DE  ISRAEL,EISRA,,  https:
ESTADO  DE  ISRAEL,EISRA,,https:
ESTADO  DE  ISRAEL,EISRA,Facebook,www.facebook.com/ArgEnIsrael  
ESTADO  DE  ISRAEL,EISRA,Twitter,twitter.com/argenisrael  
ESTADO  DE  KUWAIT,EKUWA,,  
ESTADO  DE  KUWAIT,EKUWA,Facebook,www.facebook.com/ArgentinaenKuwait  
ESTADO  DE  PALESTINA,REPAL,,  
ESTADO  DE  PALESTINA,REPAL,,https:
ESTADO  DE  PALESTINA,REPAL,Facebook,www.facebook.com/ArgEnPalestina  
ESTADO  DE  QATAR,EQATR,,  
ESTADO  DE  QATAR,EQATR,,  @embargenqatar  
ESTADO  DE  QATAR,EQATR,,@embargenqatar  
ESTADO  PLURINACIONAL  DE  BOLIVIA,CCOCH,,  
ESTADO  PLURINACIONAL  DE  BOLIVIA,CCOCH,Facebook,wwww.facebook.com/ArgentinaEnCochabamba  
ESTADO  PLURINACIONAL  DE  BOLIVIA,CSCRS,,  
ESTADO  PLURINACIONAL  DE  BOLIVIA,CSCRS,,cscrs2018  
ESTADO  PLURINACIONAL  DE  BOLIVIA,CSCRS,Facebook,  www.facebook.com/ArgEnSantaCruz  de  la  Sierra  
ESTADO  PLURINACIONAL  DE  BOLIVIA,CVILL,,  
ESTADO  PLURINACIONAL  DE  BOLIVIA,CVILL,,https:
ESTADO  PLURINACIONAL  DE  BOLIVIA,CVILL,Facebook,www.facebook.com/ArgEnVillazon  
ESTADO  PLURINACIONAL  DE  BOLIVIA,EBOLV,,  
ESTADO  PLURINACIONAL  DE  BOLIVIA,EBOLV,,  @EmbajadaArgentinaBolivia  
ESTADO  PLURINACIONAL  DE  BOLIVIA,EBOLV,,  @embajada_argentina_en_bolivia  
ESTADO  PLURINACIONAL  DE  BOLIVIA,EBOLV,,@EmbaArgBolivia  
ESTADOS  UNIDOS  MEXICANOS,EMEXI,,  https:
ESTADOS  UNIDOS  MEXICANOS,EMEXI,,https:
ESTADOS  UNIDOS  MEXICANOS,EMEXI,Facebook,www.facebook.com/ARGenMexico/  
ESTADOS  UNIDOS  MEXICANOS,EMEXI,Instagram,www.instagram.com/embargenmexico/  
ESTADOS  UNIDOS  MEXICANOS,EMEXI,Twitter,twitter.com/@ARGenMexico  
Estados  Unidos  de  América,CCHIC,,  
Estados  Unidos  de  América,CCHIC,,  https:
Estados  Unidos  de  América,CCHIC,,https:
Estados  Unidos  de  América,CCHIC,Facebook,www.facebook.com/ArgentinaEnChicago  
Estados  Unidos  de  América,CCHIC,Twitter,twitter.com/argenchicago  
Estados  Unidos  de  América,CCHIC,Youtube,www.youtube.com/channel/UCjZ3a6zTr156aP_zg-1lQfQ/featured  
Estados  Unidos  de  América,CHOUS,,  
Estados  Unidos  de  América,CHOUS,,  https:
Estados  Unidos  de  América,CHOUS,,@ARGenHouston  
Estados  Unidos  de  América,CHOUS,Facebook,www.facebook.com/ArgentinaEnHouston/  
Estados  Unidos  de  América,CLANG,,  
Estados  Unidos  de  América,CLANG,,  @arg_clang  
Estados  Unidos  de  América,CLANG,,https:
Estados  Unidos  de  América,CLANG,Facebook,www.facebook.com/ArgentinaEnLosAngeles/?ref=aymt_homepage_panel    
Estados  Unidos  de  América,CMIAM,,  
Estados  Unidos  de  América,CMIAM,,  @argenmiami  
Estados  Unidos  de  América,CMIAM,,  consuladoargentinomia  
Estados  Unidos  de  América,CMIAM,,https:
Estados  Unidos  de  América,CMIAM,Facebook,es-la.facebook.com/consuladoargentino.miami/  
Estados  Unidos  de  América,CNYOR,,  https:
Estados  Unidos  de  América,CNYOR,,https:
Estados  Unidos  de  América,CNYOR,Facebook,www.facebook.com/ARGenNewYork  
Estados  Unidos  de  América,CNYOR,Instagram,www.instagram.com/argennewyork/  
Estados  Unidos  de  América,CNYOR,Twitter,twitter.com/ARGenNewYork  
Estados  Unidos  de  América,EEEUU,,  https:
Estados  Unidos  de  América,EEEUU,,https:
Estados  Unidos  de  América,EEEUU,Facebook,www.facebook.com/ARGinUSA/  
Estados  Unidos  de  América,EEEUU,Instagram,www.instagram.com/ARGinUSA/  
Estados  Unidos  de  América,EEEUU,Twitter,twitter.com/ARGinUSA  
Estados  Unidos  de  América,EEOEA,,  
Estados  Unidos  de  América,EEOEA,Facebook,www.facebook.com/ARGenOEA/  
Estados  Unidos  de  América,EEOEA,Instagram,  www.instagram.com/argenoea/  
Estados  Unidos  de  América,EEOEA,Twitter,  www.twitter.com/ARGenOEA  
Estados  Unidos  de  América,EEOEA,Youtube,  www.youtube.com/channel/UCqjmCa0UfL3_I3Ovqz5ZAag/featured  
FEDERACIÓN  DE  RUSIA,EFRUS,,  
FEDERACIÓN  DE  RUSIA,EFRUS,,  https:
FEDERACIÓN  DE  RUSIA,EFRUS,,https:
FEDERACIÓN  DE  RUSIA,EFRUS,Facebook,www.facebook.com/EMBAJADAARGENTINAENMOSCU  
FEDERACIÓN  DE  RUSIA,EFRUS,Twitter,twitter.com/EmbArgRusia  
HUNGRÍA,EUNGR,,  
HUNGRÍA,EUNGR,,https:
HUNGRÍA,EUNGR,Facebook,www.facebook.com/ArgentinaEnHungria  
IRLANDA,EIRLA,,  
IRLANDA,EIRLA,,  https:
IRLANDA,EIRLA,,https:
IRLANDA,EIRLA,Facebook,www.facebook.com/ArgentinaEnIrlanda/  
IRLANDA,EIRLA,Instagram,www.instagram.com/embajadaargentinairlanda  
JAMAICA,EJAMA,,  
JAMAICA,EJAMA,,  argentinaenjamaica  
JAMAICA,EJAMA,,  https:
JAMAICA,EJAMA,,https:
JAMAICA,EJAMA,Facebook,www.facebook.com/ArgentinaEnJamaica/  
JAMAICA,EJAMA,Twitter,twitter.com/ARGenJamaica  
MALASIA,EMSIA,,  
MALASIA,EMSIA,,https:
MALASIA,EMSIA,Facebook,www.facebook.com/ArgentinaEnMalasia  
REINO  DE  ARABIA  SAUDITA,EARAB,,  
REINO  DE  ARABIA  SAUDITA,EARAB,,  https:
REINO  DE  ARABIA  SAUDITA,EARAB,,https:
REINO  DE  ARABIA  SAUDITA,EARAB,Facebook,www.facebook.com/argentinaenarabiasaudita/  
REINO  DE  ARABIA  SAUDITA,EARAB,Instagram,www.instagram.com/arginsaudi/  
REINO  DE  ARABIA  SAUDITA,EARAB,Twitter,twitter.com/ensaudita  
REINO  DE  DINAMARCA,EDINA,,  
REINO  DE  DINAMARCA,EDINA,,https:
REINO  DE  DINAMARCA,EDINA,Facebook,www.facebook.com/EmbajadadeArgentinaenDinamarca/  
REINO  DE  ESPAÑA,CBARC,,  
REINO  DE  ESPAÑA,CBARC,,  Consulado  Argentino  en  Barcelona  
REINO  DE  ESPAÑA,CBARC,Facebook,facebook.com/ArgEnBarcelona  
REINO  DE  ESPAÑA,CBARC,Instagram,  instagram.com/argenbarcelona  
REINO  DE  ESPAÑA,CBARC,Linkedin,  linkedin.com/company/consulado-y-centro-de-promoci%C3%B3n-de-la-republica-argentina-en-barcelona/mycompany/  
REINO  DE  ESPAÑA,CBARC,Twitter,  twitter.com/ARGenBarcelona  
REINO  DE  ESPAÑA,CCADI,,  
REINO  DE  ESPAÑA,CCADI,Facebook,www.facebook.com/ArgentinaEnCadiz  
REINO  DE  ESPAÑA,CMADR,,  
REINO  DE  ESPAÑA,CMADR,,https:
REINO  DE  ESPAÑA,CMADR,Facebook,www.facebook.com/ArgentinaEnMadridEsp/  
REINO  DE  ESPAÑA,CMALL,,  
REINO  DE  ESPAÑA,CMALL,,https:
REINO  DE  ESPAÑA,CMALL,Facebook,www.facebook.com/ArgentinaEnPalmaDeMallorca  
REINO  DE  ESPAÑA,CTENE,,  
REINO  DE  ESPAÑA,CTENE,Facebook,www.facebook.com/argentinaentenerife  
REINO  DE  ESPAÑA,CVIGO,,  
REINO  DE  ESPAÑA,CVIGO,,  https:
REINO  DE  ESPAÑA,CVIGO,Facebook,facebook.com/ArgentinaenVigo  
REINO  DE  ESPAÑA,CVIGO,Instagram,www.instagram.com/argenvigo/  
REINO  DE  ESPAÑA,EESPA,,  
REINO  DE  ESPAÑA,EESPA,,  https:
REINO  DE  ESPAÑA,EESPA,,https:
REINO  DE  ESPAÑA,EESPA,Facebook,www.facebook.com/argenespa/  
REINO  DE  ESPAÑA,EESPA,Instagram,www.instagram.com/argenespa/  
REINO  DE  ESPAÑA,EESPA,Twitter,twitter.com/ARGenesp  
REINO  DE  LOS  PAÍSES  BAJOS,EPBAJ,,  
REINO  DE  LOS  PAÍSES  BAJOS,EPBAJ,,  https:
REINO  DE  LOS  PAÍSES  BAJOS,EPBAJ,,https:
REINO  DE  LOS  PAÍSES  BAJOS,EPBAJ,Facebook,www.facebook.com/ArgEnPaisesBajos/  
REINO  DE  LOS  PAÍSES  BAJOS,EPBAJ,Twitter,twitter.com/ArgentinaEnPB  
REINO  DE  MARRUECOS,EMARR,,  
REINO  DE  MARRUECOS,EMARR,,  https:
REINO  DE  MARRUECOS,EMARR,,https:
REINO  DE  MARRUECOS,EMARR,Instagram,www.instagram.com/marruecos.embajada/  
REINO  DE  MARRUECOS,EMARR,Twitter,twitter.com/ArgMarruecos  
REINO  DE  NORUEGA,ENORU,,  
REINO  DE  NORUEGA,ENORU,,  https:
REINO  DE  NORUEGA,ENORU,,https:
REINO  DE  NORUEGA,ENORU,Facebook,www.facebook.com/ArgentinaEnNoruega/  
REINO  DE  NORUEGA,ENORU,Instagram,www.instagram.com/ARGenNoruega/  
REINO  DE  SUECIA,ESUEC,,  
REINO  DE  SUECIA,ESUEC,,  https:
REINO  DE  SUECIA,ESUEC,,https:
REINO  DE  SUECIA,ESUEC,Facebook,www.facebook.com/arginsweden/  
REINO  DE  SUECIA,ESUEC,Instagram,www.instagram.com/arginsweden/  
REINO  DE  SUECIA,ESUEC,Linkedin,se.linkedin.com/showcase/arginsweden  
REINO  DE  TAILANDIA,ETAIL,,  
REINO  DE  TAILANDIA,ETAIL,,https:
REINO  DE  TAILANDIA,ETAIL,Facebook,www.facebook.com/ArgEnTailandiaBangkok/?tn-str=k*F  
REINO  UNIDO  DE  GRAN  BRETAÑA  E  IRLANDA  DEL  NORTE,CLOND,,  
REINO  UNIDO  DE  GRAN  BRETAÑA  E  IRLANDA  DEL  NORTE,CLOND,,https:
REINO  UNIDO  DE  GRAN  BRETAÑA  E  IRLANDA  DEL  NORTE,CLOND,Instagram,www.instagram.com/consuladoargentinoenlondres/  
REINO  UNIDO  DE  GRAN  BRETAÑA  E  IRLANDA  DEL  NORTE,ERUNI,,  https:
REINO  UNIDO  DE  GRAN  BRETAÑA  E  IRLANDA  DEL  NORTE,ERUNI,,https:
REINO  UNIDO  DE  GRAN  BRETAÑA  E  IRLANDA  DEL  NORTE,ERUNI,Facebook,www.facebook.com/ARGinUK/  
REINO  UNIDO  DE  GRAN  BRETAÑA  E  IRLANDA  DEL  NORTE,ERUNI,Flickr,www.flickr.com/photos/138300767@N07/albums  
REINO  UNIDO  DE  GRAN  BRETAÑA  E  IRLANDA  DEL  NORTE,ERUNI,Twitter,twitter.com/ARGinUK  
REPÚBLICA  ARGELINA  DEMOCRÁTICA  Y  POPULAR,EARGE,,  
REPÚBLICA  ARGELINA  DEMOCRÁTICA  Y  POPULAR,EARGE,,  https:
REPÚBLICA  ARGELINA  DEMOCRÁTICA  Y  POPULAR,EARGE,,https:
REPÚBLICA  ARGELINA  DEMOCRÁTICA  Y  POPULAR,EARGE,Facebook,  facebook.com/ArgentinaEnArgelia  
REPÚBLICA  ARGELINA  DEMOCRÁTICA  Y  POPULAR,EARGE,Instagram,instagram.com/argenargelia  
REPÚBLICA  ARGELINA  DEMOCRÁTICA  Y  POPULAR,EARGE,Twitter,twitter.com/ARGenArgelia  
REPÚBLICA  BOLIVARIANA  DE  VENEZUELA,EVENE,,  
REPÚBLICA  BOLIVARIANA  DE  VENEZUELA,EVENE,,  https:
REPÚBLICA  BOLIVARIANA  DE  VENEZUELA,EVENE,,https:
REPÚBLICA  BOLIVARIANA  DE  VENEZUELA,EVENE,Facebook,www.facebook.com/EmbajadaArgentinaEnVenezuela  
REPÚBLICA  BOLIVARIANA  DE  VENEZUELA,EVENE,Instagram,www.instagram.com/argenvenezuela/  
REPÚBLICA  BOLIVARIANA  DE  VENEZUELA,EVENE,Twitter,twitter.com/argenvenezuela?lang=es  
REPÚBLICA  CHECA,ECHES,,  
REPÚBLICA  CHECA,ECHES,,  https:
REPÚBLICA  CHECA,ECHES,,https:
REPÚBLICA  CHECA,ECHES,Facebook,www.facebook.com/ArgentinaEnRepCheca/  
REPÚBLICA  CHECA,ECHES,Instagram,www.instagram.com/argentinaenpraga  
REPÚBLICA  DE  ANGOLA,EANGO,,  
REPÚBLICA  DE  ANGOLA,EANGO,,  https:
REPÚBLICA  DE  ANGOLA,EANGO,,https:
REPÚBLICA  DE  ANGOLA,EANGO,Facebook,www.facebook.com/ArgentinaEnAngola/  
REPÚBLICA  DE  ANGOLA,EANGO,Instagram,www.instagram.com/embargentinaenangola/  
REPÚBLICA  DE  ARMENIA,EARME,,  
REPÚBLICA  DE  ARMENIA,EARME,,  https:
REPÚBLICA  DE  ARMENIA,EARME,,https:
REPÚBLICA  DE  ARMENIA,EARME,Facebook,www.facebook.com/ArgentinaEnArmenia  
REPÚBLICA  DE  ARMENIA,EARME,Instagram,www.instagram.com/arginarmenia/  
REPÚBLICA  DE  ARMENIA,EARME,Twitter,twitter.com/ARGinArmenia  
REPÚBLICA  DE  AUSTRIA,ETRIA,,  
REPÚBLICA  DE  AUSTRIA,ETRIA,,  https:
REPÚBLICA  DE  AUSTRIA,ETRIA,,https:
REPÚBLICA  DE  AUSTRIA,ETRIA,Facebook,www.facebook.com/ArgentinaEnAustria/  
REPÚBLICA  DE  AUSTRIA,ETRIA,Instagram,www.instagram.com/argenviena/  
REPÚBLICA  DE  AUSTRIA,ETRIA,Twitter,twitter.com/ARGenViena  
REPÚBLICA  DE  AZERBAIYÁN,EAZER,,  
REPÚBLICA  DE  AZERBAIYÁN,EAZER,,https:
REPÚBLICA  DE  AZERBAIYÁN,EAZER,Facebook,www.facebook.com/EmbassyOfArgentina/  
REPÚBLICA  DE  AZERBAIYÁN,EAZER,Instagram,  www.instagram.com/embargentinaaz  
REPÚBLICA  DE  AZERBAIYÁN,EAZER,Twitter,  www.twitter.com/ARGEnAzer  
REPÚBLICA  DE  BULGARIA,EBULG,,  
REPÚBLICA  DE  BULGARIA,EBULG,,  https:
REPÚBLICA  DE  BULGARIA,EBULG,,https:
REPÚBLICA  DE  BULGARIA,EBULG,Facebook,www.facebook.com/ArgentinaEnBulgaria/  
REPÚBLICA  DE  BULGARIA,EBULG,Youtube,www.youtube.com/channel/UCK-uSxN84lEMqJwCviEjZow  
REPÚBLICA  DE  CHILE,CANTO,,  
REPÚBLICA  DE  CHILE,CANTO,,https:
REPÚBLICA  DE  CHILE,CANTO,Facebook,www.facebook.com/Consulado-de-la-Rep%C3%BAblica-Argentina-en-Antofagasta-255728465291743/  
REPÚBLICA  DE  CHILE,CAREN,,  
REPÚBLICA  DE  CHILE,CAREN,,https:
REPÚBLICA  DE  CHILE,CAREN,Facebook,www.facebook.com/profile.php?id=100014152878593  
REPÚBLICA  DE  CHILE,CPMON,,  
REPÚBLICA  DE  CHILE,CPMON,,https:
REPÚBLICA  DE  CHILE,CPMON,Facebook,www.facebook.com/ArgentinaEnPuertoMontt/  
REPÚBLICA  DE  CHILE,CVALP,,  
REPÚBLICA  DE  CHILE,CVALP,,https:
REPÚBLICA  DE  CHILE,CVALP,Facebook,www.facebook.com/ArgentinaEnValparaiso  
REPÚBLICA  DE  CHILE,EHILE,,  
REPÚBLICA  DE  CHILE,EHILE,,  https:
REPÚBLICA  DE  CHILE,EHILE,,https:
REPÚBLICA  DE  CHILE,EHILE,Facebook,www.facebook.com/EmbArgentinaEnChile  
REPÚBLICA  DE  CHILE,EHILE,Instagram,www.instagram.com/embargenchile/  
REPÚBLICA  DE  CHILE,EHILE,Twitter,twitter.com/EmbArgEnChile  
REPÚBLICA  DE  COLOMBIA,ECOLO,,  
REPÚBLICA  DE  COLOMBIA,ECOLO,,  argentinaencolombia  
REPÚBLICA  DE  COLOMBIA,ECOLO,,  https:
REPÚBLICA  DE  COLOMBIA,ECOLO,,@ArgColombia  
REPÚBLICA  DE  COLOMBIA,ECOLO,Facebook,www.facebook.com/ArgColombia/?ref=bookmarks  
REPÚBLICA  DE  COREA,ECORE,,  
REPÚBLICA  DE  COREA,ECORE,,  https:
REPÚBLICA  DE  COREA,ECORE,,https:
REPÚBLICA  DE  COREA,ECORE,Facebook,www.facebook.com/ArgentinaEnCorea/  
REPÚBLICA  DE  COREA,ECORE,Instagram,www.instagram.com/embajadaargentinaencorea1/?hl=es  
REPÚBLICA  DE  COSTA  RICA,ERICA,,  
REPÚBLICA  DE  COSTA  RICA,ERICA,,https:
REPÚBLICA  DE  COSTA  RICA,ERICA,Facebook,www.facebook.com/argentinaencostarica/  
REPÚBLICA  DE  CUBA,ECUBA,,  
REPÚBLICA  DE  CUBA,ECUBA,,https:
REPÚBLICA  DE  CUBA,ECUBA,Facebook,www.facebook.com/ArgentinaEnCubaLaHabana/  
REPÚBLICA  DE  EL  SALVADOR,ESALV,,  
REPÚBLICA  DE  EL  SALVADOR,ESALV,,  https:
REPÚBLICA  DE  EL  SALVADOR,ESALV,,https:
REPÚBLICA  DE  EL  SALVADOR,ESALV,Facebook,www.facebook.com/ArgentinaEnElSalvador/  
REPÚBLICA  DE  EL  SALVADOR,ESALV,Instagram,www.instagram.com/embargenelsalvador/  
REPÚBLICA  DE  EL  SALVADOR,ESALV,Twitter,twitter.com/ARGenElSalvador  
REPÚBLICA  DE  FILIPINAS,EFILI,,  
REPÚBLICA  DE  FILIPINAS,EFILI,,  https:
REPÚBLICA  DE  FILIPINAS,EFILI,,https:
REPÚBLICA  DE  FILIPINAS,EFILI,Facebook,www.facebook.com/ArgentinaEnFilipinas  
REPÚBLICA  DE  FILIPINAS,EFILI,Instagram,www.instagram.com/argentinaenfilipinas/  
REPÚBLICA  DE  FILIPINAS,EFILI,Twitter,twitter.com/ArgentinaEnFili  
REPÚBLICA  DE  FINLANDIA,EFINL,,  
REPÚBLICA  DE  FINLANDIA,EFINL,Facebook,www.facebook.com/ArgentinaEnFinlandia/  
REPÚBLICA  DE  FINLANDIA,EFINL,Instagram,  www.instagram.com/argenfinlandia/  
REPÚBLICA  DE  HONDURAS,EHOND,,  
REPÚBLICA  DE  HONDURAS,EHOND,,  @ArgentinaEnHonduras  
REPÚBLICA  DE  HONDURAS,EHOND,,  Embajada  Argentina  en  Honduras  
REPÚBLICA  DE  HONDURAS,EHOND,,@ArgHonduras  
REPÚBLICA  DE  INDONESIA,EISIA,,  
REPÚBLICA  DE  INDONESIA,EISIA,,@argentinaindonesia  
REPÚBLICA  DE  KENYA,EKENY,,  
REPÚBLICA  DE  KENYA,EKENY,,  https:
REPÚBLICA  DE  KENYA,EKENY,Facebook,www.facebook.com/ArgentinaEnKenia  
REPÚBLICA  DE  KENYA,EKENY,Instagram,www.instagram.com/argenkenya/  
REPÚBLICA  DE  LA  INDIA,CGMUM,,  
REPÚBLICA  DE  LA  INDIA,CGMUM,,  https:
REPÚBLICA  DE  LA  INDIA,CGMUM,,https:
REPÚBLICA  DE  LA  INDIA,CGMUM,Facebook,www.facebook.com/argenmumbai  
REPÚBLICA  DE  LA  INDIA,CGMUM,Instagram,www.instagram.com/argenmumbai  
REPÚBLICA  DE  LA  INDIA,CGMUM,Twitter,twitter.com/cgmum1  
REPÚBLICA  DE  LA  INDIA,EINDI,,  
REPÚBLICA  DE  LA  INDIA,EINDI,,  https:
REPÚBLICA  DE  LA  INDIA,EINDI,,https:
REPÚBLICA  DE  LA  INDIA,EINDI,Facebook,www.facebook.com/ArgentinaEnInd  
REPÚBLICA  DE  LA  INDIA,EINDI,Instagram,www.instagram.com/argentinaenind/  
REPÚBLICA  DE  LA  INDIA,EINDI,Twitter,twitter.com/ArgentinaEnInd  
REPÚBLICA  DE  MOZAMBIQUE,EMOZA,,  
REPÚBLICA  DE  MOZAMBIQUE,EMOZA,,  argenmozambique  
REPÚBLICA  DE  MOZAMBIQUE,EMOZA,,https:
REPÚBLICA  DE  MOZAMBIQUE,EMOZA,Facebook,www.facebook.com/ArgentinaEnMozambique/  
REPÚBLICA  DE  NICARAGUA,ENICA,,  
REPÚBLICA  DE  NICARAGUA,ENICA,,  @argennicaragua  
REPÚBLICA  DE  NICARAGUA,ENICA,,@ArgentinaEnNicaragua  
REPÚBLICA  DE  PANAMÁ,EPNMA,,  
REPÚBLICA  DE  PANAMÁ,EPNMA,,@ArgentinaEnPanama  
REPÚBLICA  DE  POLONIA,EPOLO,,  
REPÚBLICA  DE  POLONIA,EPOLO,,https:
REPÚBLICA  DE  POLONIA,EPOLO,Facebook,www.facebook.com/Embajada-de-la-Rep%C3%BAblica-Argentina-en-Polonia-1726942037398853/  
REPÚBLICA  DE  SENEGAL,ESENE,,  
REPÚBLICA  DE  SENEGAL,ESENE,,@ARGenSenegal  
REPÚBLICA  DE  SERBIA,ESERB,,  
REPÚBLICA  DE  SERBIA,ESERB,Facebook,Facebook.com/ArgentinaEnSerbia  
REPÚBLICA  DE  SERBIA,ESERB,Instagram,  Instagram.com/ARGinSerbia  
REPÚBLICA  DE  SINGAPUR,ESING,,  
REPÚBLICA  DE  SINGAPUR,ESING,,  https:
REPÚBLICA  DE  SINGAPUR,ESING,,https:
REPÚBLICA  DE  SINGAPUR,ESING,Instagram,instagram.com/argentine_embassy_singapore?igshid=YmMyMTA2M2Y=  
REPÚBLICA  DE  SINGAPUR,ESING,Twitter,twitter.com/ARGinSingapore  
REPÚBLICA  DE  SUDÁFRICA,ESAFR,,  
REPÚBLICA  DE  SUDÁFRICA,ESAFR,,  https:
REPÚBLICA  DE  SUDÁFRICA,ESAFR,Facebook,facebook.com/ArgenSudafrica  
REPÚBLICA  DE  SUDÁFRICA,ESAFR,Instagram,www.instagram.com/argentinaensudafrica  
REPÚBLICA  DE  SUDÁFRICA,ESAFR,Twitter,twitter.com/EmbArgentina  
REPÚBLICA  DE  TRINIDAD  Y  TOBAGO,ETRIN,,  
REPÚBLICA  DE  TRINIDAD  Y  TOBAGO,ETRIN,,  arg_trinidad_tobago  
REPÚBLICA  DE  TRINIDAD  Y  TOBAGO,ETRIN,Facebook,www.facebook.com/ArgentinaEnTrinidadYTobago  
REPÚBLICA  DEL  ECUADOR,EECUA,,  
REPÚBLICA  DEL  ECUADOR,EECUA,,  https:
REPÚBLICA  DEL  ECUADOR,EECUA,,https:
REPÚBLICA  DEL  ECUADOR,EECUA,Facebook,www.facebook.com/Argentina-en-Ecuador-772092829594964/?ref=bookmarks  
REPÚBLICA  DEL  ECUADOR,EECUA,Instagram,instagram.com/argentinaenecuador?igshid=1pzlw4ojakxjh  
REPÚBLICA  DEL  ECUADOR,EECUA,Youtube,www.youtube.com/channel/UC7FnoaJNif8jQLyBb4QDKng  
REPÚBLICA  DEL  PARAGUAY,CASUN,,  
REPÚBLICA  DEL  PARAGUAY,CASUN,,@ArgentinaEnAsuncion  
REPÚBLICA  DEL  PARAGUAY,CCEST,,  
REPÚBLICA  DEL  PARAGUAY,CCEST,,  https:
REPÚBLICA  DEL  PARAGUAY,CCEST,,https:
REPÚBLICA  DEL  PARAGUAY,CCEST,Facebook,www.facebook.com/ArgEnCiudaddeleste/  
REPÚBLICA  DEL  PARAGUAY,CCEST,Instagram,www.instagram.com/argenciudaddeleste  
REPÚBLICA  DEL  PARAGUAY,EPARA,,  
REPÚBLICA  DEL  PARAGUAY,EPARA,,  https:
REPÚBLICA  DEL  PARAGUAY,EPARA,,https:
REPÚBLICA  DEL  PARAGUAY,EPARA,Facebook,www.facebook.com/embajada.paraguay  
REPÚBLICA  DEL  PARAGUAY,EPARA,Twitter,twitter.com/argenparaguay_  
REPÚBLICA  DEL  PERÚ,EPERU,,  
REPÚBLICA  DEL  PERÚ,EPERU,,  https:
REPÚBLICA  DEL  PERÚ,EPERU,,https:
REPÚBLICA  DEL  PERÚ,EPERU,Facebook,www.facebook.com/ArgentinaEnPeru  
REPÚBLICA  DEL  PERÚ,EPERU,Twitter,twitter.com/Emb_Arg_Peru  
REPÚBLICA  DEMOCRÁTICA  FEDERAL  DE  ETIOPÍA,EETIO,,  
REPÚBLICA  DEMOCRÁTICA  FEDERAL  DE  ETIOPÍA,EETIO,,  @ArEthiopia  
REPÚBLICA  DEMOCRÁTICA  FEDERAL  DE  ETIOPÍA,EETIO,,  https:
REPÚBLICA  DEMOCRÁTICA  FEDERAL  DE  ETIOPÍA,EETIO,,https:
REPÚBLICA  DEMOCRÁTICA  FEDERAL  DE  ETIOPÍA,EETIO,Facebook,www.facebook.com/ArgEnEtiopia/  
REPÚBLICA  DEMOCRÁTICA  FEDERAL  DE  ETIOPÍA,EETIO,Instagram,www.instagram.com/embaargenetiopia/  
REPÚBLICA  DOMINICANA,EDOMI,,  
REPÚBLICA  DOMINICANA,EDOMI,,https:
REPÚBLICA  DOMINICANA,EDOMI,Facebook,es-la.facebook.com/ArgentinaEnRepublicaDominicana/  
REPÚBLICA  FEDERAL  DE  ALEMANIA,CBONN,,  
REPÚBLICA  FEDERAL  DE  ALEMANIA,CBONN,,  http:
REPÚBLICA  FEDERAL  DE  ALEMANIA,CBONN,,https:
REPÚBLICA  FEDERAL  DE  ALEMANIA,CBONN,Facebook,www.facebook.com/ConsuladoArgentinoenBonn  
REPÚBLICA  FEDERAL  DE  ALEMANIA,CBONN,Instagram,www.instagram.com/consulado.argentino.bonn  
REPÚBLICA  FEDERAL  DE  ALEMANIA,EALEM,,  
REPÚBLICA  FEDERAL  DE  ALEMANIA,EALEM,,https:
REPÚBLICA  FEDERAL  DE  ALEMANIA,EALEM,Facebook,www.facebook.com/ArgEnAlemania/  
REPÚBLICA  FEDERAL  DE  NIGERIA,ENIGE,,  
REPÚBLICA  FEDERAL  DE  NIGERIA,ENIGE,,  https:
REPÚBLICA  FEDERAL  DE  NIGERIA,ENIGE,,https:
REPÚBLICA  FEDERAL  DE  NIGERIA,ENIGE,Facebook,www.facebook.com/ArgentinaEnNigeria/  
REPÚBLICA  FEDERAL  DE  NIGERIA,ENIGE,Instagram,www.instagram.com/embargennigeria/?igshid=f0laoeu8lhv8  
REPÚBLICA  FEDERATIVA  DEL  BRASIL,CALEG,,  
REPÚBLICA  FEDERATIVA  DEL  BRASIL,CALEG,,  https:
REPÚBLICA  FEDERATIVA  DEL  BRASIL,CALEG,,https:
REPÚBLICA  FEDERATIVA  DEL  BRASIL,CALEG,Facebook,www.facebook.com/ArgentinaEnPortoAlegre/  
REPÚBLICA  FEDERATIVA  DEL  BRASIL,CALEG,Instagram,www.instagram.com/argenportoalegre/  
REPÚBLICA  FEDERATIVA  DEL  BRASIL,CALEG,Twitter,twitter.com/ArgPortoAlegre  
REPÚBLICA  FEDERATIVA  DEL  BRASIL,CBELO,,  
REPÚBLICA  FEDERATIVA  DEL  BRASIL,CBELO,,  https:
REPÚBLICA  FEDERATIVA  DEL  BRASIL,CBELO,,https:
REPÚBLICA  FEDERATIVA  DEL  BRASIL,CBELO,Facebook,www.facebook.com/ArgentinaEnBeloHorizonte/  
REPÚBLICA  FEDERATIVA  DEL  BRASIL,CBELO,Instagram,www.instagram.com/consgralbelo/  
REPÚBLICA  FEDERATIVA  DEL  BRASIL,CBELO,Twitter,twitter.com/consgralbelo  
REPÚBLICA  FEDERATIVA  DEL  BRASIL,CCURI,,  
REPÚBLICA  FEDERATIVA  DEL  BRASIL,CCURI,,  https:
REPÚBLICA  FEDERATIVA  DEL  BRASIL,CCURI,,https:
REPÚBLICA  FEDERATIVA  DEL  BRASIL,CCURI,Facebook,www.facebook.com/ArgEnCuritiba/  
REPÚBLICA  FEDERATIVA  DEL  BRASIL,CCURI,Instagram,instagram.com/argEncuritiba  
REPÚBLICA  FEDERATIVA  DEL  BRASIL,CCURI,Twitter,twitter.com/ARGenCuri  
REPÚBLICA  FEDERATIVA  DEL  BRASIL,CFDIG,,  
REPÚBLICA  FEDERATIVA  DEL  BRASIL,CFDIG,,  https:
REPÚBLICA  FEDERATIVA  DEL  BRASIL,CFDIG,,https:
REPÚBLICA  FEDERATIVA  DEL  BRASIL,CFDIG,Facebook,www.facebook.com/ArgentinaEnFozDeIguazu  
REPÚBLICA  FEDERATIVA  DEL  BRASIL,CFDIG,Instagram,www.instagram.com/argentinaenfoz/  
REPÚBLICA  FEDERATIVA  DEL  BRASIL,CFDIG,Twitter,twitter.com/argentinaenfoz  
REPÚBLICA  FEDERATIVA  DEL  BRASIL,CFLOR,,  
REPÚBLICA  FEDERATIVA  DEL  BRASIL,CFLOR,,  https:
REPÚBLICA  FEDERATIVA  DEL  BRASIL,CFLOR,,@argenflorianopolis  
REPÚBLICA  FEDERATIVA  DEL  BRASIL,CFLOR,Facebook,www.facebook.com/cflor.mrecic.gov.ar  
REPÚBLICA  FEDERATIVA  DEL  BRASIL,CPABL,,  
REPÚBLICA  FEDERATIVA  DEL  BRASIL,CPABL,,consuladoargentinosp@gmail.com  
REPÚBLICA  FEDERATIVA  DEL  BRASIL,CRECI,,  
REPÚBLICA  FEDERATIVA  DEL  BRASIL,CRECI,,  https:
REPÚBLICA  FEDERATIVA  DEL  BRASIL,CRECI,,https:
REPÚBLICA  FEDERATIVA  DEL  BRASIL,CRECI,Facebook,www.facebook.com/ArgentinaEnBrasilRecife  
REPÚBLICA  FEDERATIVA  DEL  BRASIL,CRECI,Instagram,www.instagram.com/consuladoargentinorecife  
REPÚBLICA  FEDERATIVA  DEL  BRASIL,CRIOJ,,  
REPÚBLICA  FEDERATIVA  DEL  BRASIL,CRIOJ,,https:
REPÚBLICA  FEDERATIVA  DEL  BRASIL,CRIOJ,Facebook,www.facebook.com/ArgentinaEnRiodeJaneiro/  
REPÚBLICA  FEDERATIVA  DEL  BRASIL,CSBAH,,  
REPÚBLICA  FEDERATIVA  DEL  BRASIL,CSBAH,,  https:
REPÚBLICA  FEDERATIVA  DEL  BRASIL,CSBAH,,https:
REPÚBLICA  FEDERATIVA  DEL  BRASIL,CSBAH,Facebook,www.facebook.com/ArgentinaenSalvador  
REPÚBLICA  FEDERATIVA  DEL  BRASIL,CSBAH,Instagram,www.instagram.com/argentinaensalvador  
REPÚBLICA  FEDERATIVA  DEL  BRASIL,CSBAH,Twitter,twitter.com/ArgentinaEnSSA  
REPÚBLICA  FEDERATIVA  DEL  BRASIL,CURUG,,  
REPÚBLICA  FEDERATIVA  DEL  BRASIL,CURUG,,  https:
REPÚBLICA  FEDERATIVA  DEL  BRASIL,CURUG,,https:
REPÚBLICA  FEDERATIVA  DEL  BRASIL,CURUG,Facebook,www.facebook.com/ArgEnUruguayana/  
REPÚBLICA  FEDERATIVA  DEL  BRASIL,CURUG,Twitter,twitter.com/CURUGoK  
REPÚBLICA  FEDERATIVA  DEL  BRASIL,EBRAS,,  
REPÚBLICA  FEDERATIVA  DEL  BRASIL,EBRAS,,  https:
REPÚBLICA  FEDERATIVA  DEL  BRASIL,EBRAS,,https:
REPÚBLICA  FEDERATIVA  DEL  BRASIL,EBRAS,Facebook,www.facebook.com/embargbrasil  
REPÚBLICA  FEDERATIVA  DEL  BRASIL,EBRAS,Instagram,www.instagram.com/embaargenbrasil  
REPÚBLICA  FEDERATIVA  DEL  BRASIL,EBRAS,Twitter,twitter.com/ArgentinaEnBras  
REPÚBLICA  FRANCESA,EFRAN,,  
REPÚBLICA  FRANCESA,EFRAN,,https:
REPÚBLICA  FRANCESA,EFRAN,Facebook,www.facebook.com/ArgentinaEnFrancia/  
REPÚBLICA  FRANCESA,EUNES,,  
REPÚBLICA  FRANCESA,EUNES,,  https:
REPÚBLICA  FRANCESA,EUNES,,https:
REPÚBLICA  FRANCESA,EUNES,Facebook,www.facebook.com/delegation.argentine/  
REPÚBLICA  FRANCESA,EUNES,Twitter,twitter.com/ArgentinaUNESCO  
REPÚBLICA  HELÉNICA,EGREC,,  
REPÚBLICA  HELÉNICA,EGREC,,  https:
REPÚBLICA  HELÉNICA,EGREC,,https:
REPÚBLICA  HELÉNICA,EGREC,Facebook,www.facebook.com/ArgentinaEnGrecia  
REPÚBLICA  HELÉNICA,EGREC,Youtube,www.youtube.com/channel/UCFaKsErEs33zEdzJbnrzOog/featured  
REPÚBLICA  ISLÁMICA  DE  PAKISTÁN,EPAKI,,  
REPÚBLICA  ISLÁMICA  DE  PAKISTÁN,EPAKI,,https:
REPÚBLICA  ISLÁMICA  DE  PAKISTÁN,EPAKI,Twitter,twitter.com/EmbajadadeArge1  
REPÚBLICA  ITALIANA,CMILA,,  
REPÚBLICA  ITALIANA,CMILA,,  https:
REPÚBLICA  ITALIANA,CMILA,,https:
REPÚBLICA  ITALIANA,CMILA,Facebook,www.facebook.com/ConsuladoArgentinoenMilan  
REPÚBLICA  ITALIANA,CMILA,Instagram,www.instagram.com/consuladoargentinoenmilan/  
REPÚBLICA  ITALIANA,CMILA,Youtube,www.youtube.com/channel/UCZdYeN4gttYEyX15xxkUNWQ  
REPÚBLICA  ITALIANA,CROMA,,  
REPÚBLICA  ITALIANA,CROMA,,  @consuladoargentinoenroma  
REPÚBLICA  ITALIANA,CROMA,,@ArgEnRoma  
REPÚBLICA  ITALIANA,EITAL,,  
REPÚBLICA  ITALIANA,EITAL,,  https:
REPÚBLICA  ITALIANA,EITAL,,https:
REPÚBLICA  ITALIANA,EITAL,Facebook,es-la.facebook.com/emb.roma/  
REPÚBLICA  ITALIANA,EITAL,Instagram,www.instagram.com/arginitalia/?hl=es  
REPÚBLICA  ITALIANA,EITAL,Twitter,twitter.com/arginitalia?lang=es  
REPÚBLICA  ITALIANA,EMFAO,,  
REPÚBLICA  ITALIANA,EMFAO,,@ArgenFao  
REPÚBLICA  LIBANESA,ELBNO,,  
REPÚBLICA  LIBANESA,ELBNO,,https:
REPÚBLICA  LIBANESA,ELBNO,Facebook,www.facebook.com/ArgentinaEnLibano  
REPÚBLICA  ORIENTAL  DEL  URUGUAY,CCOLO,,  
REPÚBLICA  ORIENTAL  DEL  URUGUAY,CCOLO,,https:
REPÚBLICA  ORIENTAL  DEL  URUGUAY,CCOLO,Facebook,www.facebook.com/ArgentinaenColonia  
REPÚBLICA  ORIENTAL  DEL  URUGUAY,CMALD,,  
REPÚBLICA  ORIENTAL  DEL  URUGUAY,CMALD,,  https:
REPÚBLICA  ORIENTAL  DEL  URUGUAY,CMALD,,https:
REPÚBLICA  ORIENTAL  DEL  URUGUAY,CMALD,Facebook,www.facebook.com/pg/ConsuladoArgentinoenMaldonado/posts/?ref=page_internal  
REPÚBLICA  ORIENTAL  DEL  URUGUAY,CMALD,Instagram,www.instagram.com/consulado_argentino/  
REPÚBLICA  ORIENTAL  DEL  URUGUAY,CMDEO,,  
REPÚBLICA  ORIENTAL  DEL  URUGUAY,CMDEO,,https:
REPÚBLICA  ORIENTAL  DEL  URUGUAY,CMDEO,Facebook,www.facebook.com/ArgentinaEnMontevideo/  
REPÚBLICA  ORIENTAL  DEL  URUGUAY,CSLTO,,  
REPÚBLICA  ORIENTAL  DEL  URUGUAY,CSLTO,,@consuladoargentinoensalto  
REPÚBLICA  ORIENTAL  DEL  URUGUAY,EURUG,,  
REPÚBLICA  ORIENTAL  DEL  URUGUAY,EURUG,,  https:
REPÚBLICA  ORIENTAL  DEL  URUGUAY,EURUG,,https:
REPÚBLICA  ORIENTAL  DEL  URUGUAY,EURUG,Facebook,www.facebook.com/ArgentinaEnUru/  
REPÚBLICA  ORIENTAL  DEL  URUGUAY,EURUG,Instagram,www.instagram.com/argentinaenuru/  
REPÚBLICA  ORIENTAL  DEL  URUGUAY,EURUG,Twitter,twitter.com/ArgentinaEnUru  
REPÚBLICA  POPULAR  DE  CHINA,ECHIN,,  
REPÚBLICA  POPULAR  DE  CHINA,ECHIN,,@ArgentinaEnChina  
REPÚBLICA  SOCIALISTA  DE  VIETNAM,EVIET,,  
REPÚBLICA  SOCIALISTA  DE  VIETNAM,EVIET,,  https:
REPÚBLICA  SOCIALISTA  DE  VIETNAM,EVIET,,https:
REPÚBLICA  SOCIALISTA  DE  VIETNAM,EVIET,Facebook,www.facebook.com/ArgentinaEnVietnam/  
REPÚBLICA  SOCIALISTA  DE  VIETNAM,EVIET,Instagram,www.instagram.com/argenvietnam/  
REPÚBLICA  TUNECINA,ETUNE,,  https:
REPÚBLICA  TUNECINA,ETUNE,,https:
REPÚBLICA  TUNECINA,ETUNE,Facebook,www.facebook.com/ArgEnTunez/  
REPÚBLICA  TUNECINA,ETUNE,Instagram,www.instagram.com/embargentinatn  
REPÚBLICA  TUNECINA,ETUNE,Twitter,www.twitter.com/EmbajadaTunez  
REPÚBLICA  ÁRABE  DE  EGIPTO,EEGIP,,  
REPÚBLICA  ÁRABE  DE  EGIPTO,EEGIP,Facebook,  facebook.com/ArgentinaenEgipto  
REPÚBLICA  ÁRABE  DE  EGIPTO,EEGIP,Instagram,instagram.com/argenegipto/  
REPÚBLICA  ÁRABE  DE  EGIPTO,EEGIP,Twitter,  twitter.com/ARGenEgipto  
REPÚBLICA  ÁRABE  SIRIA,EASIR,,  
REPÚBLICA  ÁRABE  SIRIA,EASIR,,https:
REPÚBLICA  ÁRABE  SIRIA,EASIR,Facebook,www.facebook.com/Embajada-Argentina-en-Siria-112176794025495  
RUMANIA,ERUMA,,  
RUMANIA,ERUMA,,  https:
RUMANIA,ERUMA,,https:
RUMANIA,ERUMA,Facebook,www.facebook.com/ArgentinaEnRumania  
RUMANIA,ERUMA,Instagram,www.instagram.com/argentinaenrumania  
Reino  de  Bélgica,EBELG,,  
Reino  de  Bélgica,EBELG,,  https:
Reino  de  Bélgica,EBELG,,https:
Reino  de  Bélgica,EBELG,Facebook,www.facebook.com/ArgentinaEnBelgica/  
Reino  de  Bélgica,EBELG,Instagram,www.instagram.com/argenbelgica/  
Reino  de  Bélgica,ECEUR,,  https:
Reino  de  Bélgica,ECEUR,,https:
Reino  de  Bélgica,ECEUR,Facebook,www.facebook.com/ARGanteUE  
Reino  de  Bélgica,ECEUR,Linkedin,www.linkedin.com/company/arganteue  
Reino  de  Bélgica,ECEUR,Twitter,twitter.com/ARGanteUE  
República  de  Türkiye,ETURQ,,  
República  de  Türkiye,ETURQ,,  @ARGenTurquia  
República  de  Türkiye,ETURQ,,  @embargenturquia  
República  de  Türkiye,ETURQ,,@Argentinaenturquia/  
SANTA  SEDE,ESSED,,  https:
SANTA  SEDE,ESSED,,https:
SANTA  SEDE,ESSED,Facebook,www.facebook.com/ArgEnSantaSede  
SANTA  SEDE,ESSED,Twitter,twitter.com/ArgSantaSede  
SANTA  SEDE,ESSED,Youtube,www.youtube.com/c/EmbajadaArgentinaantelaSantaSede  
UCRANIA,EUCRA,,  
UCRANIA,EUCRA,,  https:
UCRANIA,EUCRA,,https:
UCRANIA,EUCRA,Facebook,www.facebook.com/ArgentinaEnUcrania  
UCRANIA,EUCRA,Instagram,www.instagram.com/argenucrania/  
日本国  (JAPÓN),EJAPO,,  
日本国  (JAPÓN),EJAPO,,  https:
日本国  (JAPÓN),EJAPO,,embajadaargentinaenjapon  
日本国  (JAPÓN),EJAPO,Facebook,www.facebook.com/ArgJapon/?ref=bookmarks  
